销售日期,水生根茎类,花叶类,花菜类,茄类,辣椒类,食用菌
01/07/2020,4.85,205.402,47.076,35.374,76.715,35.365
02/07/2020,4.6,198.362,43.943,32.199,66.064,48.51
03/07/2020,9.572,191.779,42.076,35.896,64.253,42.442
04/07/2020,5.439,236.587,55.662,57.067,81.282,47.262
05/07/2020,4.019,223.899,55.474,61.816,98.496,73.213
06/07/2020,3.089,195.74,42.721,30.727,58.682,40.578
07/07/2020,3.117,175.052,45.749,32.112,42.213,52.56
08/07/2020,10.605,158.57,45.433,39.67,65.88,43.968
09/07/2020,2.106,187.439,41.131,25.921,58.86,37.837
10/07/2020,9.025,179.833,62.344,37.86,58.936,41.429
11/07/2020,8.928,271.12,76.564,68.277,85.936,52.238
12/07/2020,13.994,300.189,71.615,81.706,72.459,55.96
13/07/2020,11.605,190.832,32.028,44.379,61.24,42.113
14/07/2020,9.007,190.599,57.575,34.747,66.745,44.836
15/07/2020,10.238,218.094,37.962,38.17,73.354,42.196
16/07/2020,11.354,215.526,39.45,26.586,72.656,53.685
17/07/2020,10.727,201.67,44.198,37.251,61.025,51.908
18/07/2020,10.418,275.265,61.088,56.585,85.051,71.884
19/07/2020,11.124,321.164,76.351,71.772,103.776,80.322
20/07/2020,9.548,204.997,47.431,33.947,67.35,52.617
21/07/2020,12.744,214.99,49.005,27.094,56.993,45.905
22/07/2020,11.05,232.783,53.675,48.247,81.36,66.794
23/07/2020,30.417,200.441,39.425,44.142,57.639,56.759
24/07/2020,11.74,176.325,38.284,34.97,58.738,49.201
25/07/2020,10.424,227.137,57.421,61.874,94.206,67.013
26/07/2020,12.988,250.825,64.119,69.521,102.061,71.295
27/07/2020,17.265,198.009,42.876,36.121,71.402,52.777
28/07/2020,13.959,165.443,34.937,40.34,66.001,47.728
29/07/2020,18.597,193.729,42.22,40.777,82.494,54.315
30/07/2020,10.645,201.743,38.198,46.311,68.219,50.774
31/07/2020,19.062,197.166,37.549,34.092,41.104,45.587
01/08/2020,21.432,229.89,54.362,48.805,66.156,53.797
02/08/2020,56.154,243.138,49.219,50.893,67.963,54.961
03/08/2020,15.555,207.843,44.426,45.191,86.474,48.575
04/08/2020,26.208,180.012,44.534,30.591,73.365,45.301
05/08/2020,21.452,244.395,43.631,49.472,82.229,62.84
06/08/2020,19.115,234.777,40.827,31.596,74.047,48.611
07/08/2020,25.415,204.941,40.272,51.799,78.611,68.177
08/08/2020,27.461,311.161,58.156,63.764,100.292,92.144
09/08/2020,25.9,250.59,54.876,51.835,73.684,73.073
10/08/2020,30.683,210.292,50.7,47.664,78.905,36.094
11/08/2020,20.458,216.713,56.279,33.572,73.292,40.017
12/08/2020,27.355,206.877,50.065,36.009,85.166,34.195
13/08/2020,19.324,188.208,47.468,31.109,61.768,35.65
14/08/2020,29.991,217.758,58.582,37.826,76.489,53.795
15/08/2020,25.642,245.136,79.38,43.279,94.285,58.015
16/08/2020,24.454,241.48,60.231,48.366,95.285,55.093
17/08/2020,15.916,215.633,51.749,35.014,72.953,47.418
18/08/2020,21.753,225.113,55.92,34.019,76.92,45.716
19/08/2020,17.95,214.173,64.061,30.347,80.919,50.126
20/08/2020,22.966,233.532,69.587,37.957,75.953,54.411
21/08/2020,34.598,207.076,50.062,29.694,85.198,50
22/08/2020,42.772,273.081,55.886,30.422,116.801,49.895
23/08/2020,46.057,261.552,71.556,47.316,93.714,55.226
24/08/2020,20.305,260.694,41.784,26.874,97.079,39.576
25/08/2020,20.062,343.427,47.761,23.272,107.213,54.488
26/08/2020,18.95,241.686,82.544,30.722,82.32,42.811
27/08/2020,19.487,199.007,92.506,19.129,89.92,50.458
28/08/2020,20.997,195.032,39.93,24.597,156.11,55.659
29/08/2020,65.814,267.031,56.803,30.675,145.627,62.431
30/08/2020,30.005,266.387,80.779,21.641,155.811,73.195
31/08/2020,52.949,224.882,54.722,15.943,117.965,44.776
01/09/2020,47.658,191.655,55.858,26.329,102.504,47.282
02/09/2020,17.941,179.819,38.716,13.873,83.969,51.011
03/09/2020,15.996,193.463,38.893,14.172,87.119,48.163
04/09/2020,16.635,176.316,46.612,20.233,91.579,54.43
05/09/2020,42.554,249.559,57.828,33.731,110.439,62.594
06/09/2020,46.963,276.111,53.202,33.397,126.5,78.472
07/09/2020,38.926,148.221,26.257,17.365,56.473,41.804
08/09/2020,19.127,158.329,33.239,20.623,50.259,32.389
09/09/2020,12.161,131.492,32.73,12.041,39.795,33.45
10/09/2020,14.492,119.919,57.319,16.916,49.321,35.789
11/09/2020,13.364,151.957,31.538,22.019,50.22,48.467
12/09/2020,16.957,231.884,43.337,21.411,74.51,73.173
13/09/2020,18.739,263.345,41.704,28.737,83.723,74.834
14/09/2020,17.361,175.844,64.257,16.134,48.55,31.147
15/09/2020,19.219,156.048,29.878,13.243,49.991,41.578
16/09/2020,18.818,176.949,59.448,15.194,46.895,35.413
17/09/2020,17.437,143.534,32.648,22.924,46.145,39.259
18/09/2020,11.389,154.388,27.705,13.805,48.075,38.541
19/09/2020,39.431,235.874,82.76,30.406,84.269,60.52
20/09/2020,39.551,317.998,53.497,41.474,99.148,50.42
21/09/2020,16.289,212.997,39.191,20.868,56.561,63.529
22/09/2020,37.808,232.243,40.905,25.819,77.009,49.058
23/09/2020,18.629,179.262,31.972,22.515,54.327,56.265
24/09/2020,51.886,162.861,38.952,18.9,50.486,61.336
25/09/2020,22.732,173.781,41.561,26.529,53.938,64.509
26/09/2020,65.744,227.771,86.643,33.517,68.094,94.495
27/09/2020,28.289,199.813,35.964,20.532,54.459,72.522
28/09/2020,11.861,114.933,24.576,18.401,37.41,46.913
29/09/2020,24.135,157.957,28.105,24.719,57.017,45.485
30/09/2020,36.839,177.129,60.771,25.865,53.628,110.358
01/10/2020,55.356,248.415,93.928,32.482,64.092,103.929
02/10/2020,21.931,244.124,67.145,38.762,69.054,89.316
03/10/2020,18.497,298.341,44.493,63.535,84.728,60.052
04/10/2020,19.254,232.776,34.491,43.849,75.21,122.501
05/10/2020,79.752,294.623,92.279,31.128,87.933,126.518
06/10/2020,25.784,287.297,108.157,42.318,81.727,124.059
07/10/2020,52.907,255.378,56.266,29.085,63.151,80.421
08/10/2020,31.952,252.73,49.58,33.49,72.023,328.488
09/10/2020,51.476,162.518,55.845,24.289,51.243,57.258
10/10/2020,22.07,175.163,37.393,26.814,52.511,75.63
11/10/2020,57.223,238.081,60.47,34.726,70.214,163.664
12/10/2020,38.333,170.212,34.815,17.876,48.979,102.385
13/10/2020,50.519,178.246,47.321,23.119,49.116,48.021
14/10/2020,46.207,182.96,48.259,13.742,46.36,73.831
15/10/2020,42.162,190.238,59.624,19.447,45.236,72.91
16/10/2020,58.973,170.77,88.361,20.139,44.67,69.805
17/10/2020,87.12,249.493,109.311,30.556,97.155,115.896
18/10/2020,79.338,226.735,91.597,36.361,88.247,113.125
19/10/2020,40.6,152.709,57.412,20.03,56.69,58.338
20/10/2020,49.434,186.078,30.899,13.777,49.296,45.419
21/10/2020,21.201,168.765,40.555,15.327,48.047,56.114
22/10/2020,35.917,117.235,26.166,14.725,50.037,94.688
23/10/2020,30.801,211.914,23.854,14.427,43.758,115.306
24/10/2020,67.932,282.107,31.113,22.221,77.097,115.39
25/10/2020,71.16,223.397,43.114,30.136,72.537,104.16
26/10/2020,20.666,157.832,22.371,10.797,45.439,62.363
27/10/2020,21.273,154.566,23.305,13.444,45.479,56.508
28/10/2020,32.418,167.542,30.297,12.238,49.395,75.211
29/10/2020,15.828,120.551,24.902,14.436,52.654,81.051
30/10/2020,18.769,148.243,28.939,12.192,46.452,74.23
31/10/2020,79.265,248.102,82.701,16.499,81.292,135.284
01/11/2020,71.332,206.956,69.062,15.407,73.722,127.967
02/11/2020,15.053,144.442,32.726,11.378,54.351,78.321
03/11/2020,15.727,135.067,52.37,10.846,66.834,65.341
04/11/2020,18.183,122.114,67.527,10.702,59.731,195.34
05/11/2020,8.347,146.327,57.354,9.067,45.282,129.089
06/11/2020,13.443,142.586,95.136,7.22,49.287,80.588
07/11/2020,71.413,224.3,121.453,10.878,69.738,122.896
08/11/2020,58.207,209.808,125.591,16.906,78.907,124.492
09/11/2020,14.579,144.911,57.592,10.063,64.616,63.22
10/11/2020,12.103,157.962,25.698,9.574,54.663,64.18
11/11/2020,17.155,150.867,63.25,15.585,65.834,64.522
12/11/2020,15.951,151.144,13.406,15.508,58.851,68.656
13/11/2020,13.766,141.977,60.306,8.044,70.246,67.676
14/11/2020,58.127,207.145,84.001,18.146,71.84,92.793
15/11/2020,45.353,227.231,77.798,18.318,74.078,73.108
16/11/2020,14.45,140.087,48.64,15.672,45.345,54.363
17/11/2020,24.762,222.517,43.621,12.224,43.486,131.979
18/11/2020,19.171,203.322,50.438,15.946,45.407,99.089
19/11/2020,22.977,207.8,77.165,12.808,59.111,90.297
20/11/2020,22.48,244.555,52.701,9.804,53.492,70.888
21/11/2020,95.789,460.646,114.066,25.451,79.774,169.382
22/11/2020,67.538,371.968,119.596,26.933,99.221,160.154
23/11/2020,34.987,294.311,74.623,15.902,59.056,195.788
24/11/2020,44.692,220.189,60.927,13.897,52.157,117.661
25/11/2020,38.697,237.713,37.137,13.199,39.054,95.581
26/11/2020,24.099,282.923,34.766,12.868,48.086,110.276
27/11/2020,23.178,225.596,28.934,13.175,53.116,112.979
28/11/2020,30.289,400.295,79.441,18.759,82.485,187.133
29/11/2020,31.494,287.707,77.335,20.702,66.151,168.218
30/11/2020,18.481,207.353,41.156,18.29,54.214,100.486
01/12/2020,25.029,287.797,25.82,9.271,47.882,99.477
02/12/2020,22.979,213.665,24.46,9.603,48.74,185.141
03/12/2020,35.348,274.097,27.342,12.913,48.795,97.395
04/12/2020,87.25,242.529,27.457,11.517,42.929,110.875
05/12/2020,43.518,306.959,72.116,18.693,50.32,155.115
06/12/2020,93.761,367.129,67.968,18.881,61.77,234.205
07/12/2020,60.127,197.718,29.017,10.537,39.566,91.333
08/12/2020,78.345,183.98,29.686,10.904,38.132,89.028
09/12/2020,39.897,180.673,20.825,9.89,36.059,80.164
10/12/2020,48.448,188.539,20.405,11.411,45.747,89.363
11/12/2020,55.726,212.51,30.644,14.918,44.514,94.153
12/12/2020,71.47,269.619,65.792,11.965,55.182,174.431
13/12/2020,73.578,375.781,78.67,20.845,76.784,197.615
14/12/2020,65.517,197.654,33.376,12.715,48.394,83.089
15/12/2020,51.769,203.808,33.43,10.295,41.066,99.925
16/12/2020,47.282,152.029,26.065,9.313,34.84,74.212
17/12/2020,47.929,167.799,31.098,12.154,33.18,94.652
18/12/2020,63.362,151.08,26.454,19.541,41.801,86.26
19/12/2020,86.825,266.55,60.29,14.524,68.24,154.681
20/12/2020,77.313,276.911,89.851,14.386,64.273,142.972
21/12/2020,48.468,136.041,37.057,12.997,30.846,84.045
22/12/2020,38.698,152.185,27.346,11.079,38.615,76.199
23/12/2020,43.83,143.966,39.823,9.4,41.738,67.604
24/12/2020,61.823,218.533,39.293,9.801,37.463,76.09
25/12/2020,65.984,159.654,33.711,10.328,53.083,148.943
26/12/2020,103.905,285.224,62.717,16.19,52.907,136.159
27/12/2020,93.232,288.755,51.016,11.874,52.745,118.129
28/12/2020,63.262,251.455,33.949,13.266,45.863,69.819
29/12/2020,54.924,223.512,33.714,12.741,28.906,79.647
30/12/2020,75.742,146.39,33.438,16.318,32.167,66.631
31/12/2020,73.305,179.177,23.092,20.725,45.584,120.945
01/01/2021,91.569,224.797,55.985,18.037,67.733,136.338
02/01/2021,102.214,212.911,31.833,18.302,62.422,115.296
03/01/2021,76.505,224.88,50.09,13.385,73.797,103.871
04/01/2021,68.248,177.801,24.728,9.867,58.505,95.499
05/01/2021,89.144,154.654,49.049,14.439,37.556,83.705
06/01/2021,49.852,176.824,51.711,13.689,44.528,81.462
07/01/2021,54.723,161.628,42.427,12.56,50.183,96.002
08/01/2021,53.904,234.462,29.703,12.049,37.342,90.415
09/01/2021,90.49,233.427,47.188,17.965,78.498,129.833
10/01/2021,79.563,250.645,57.696,23.755,68.365,137.986
11/01/2021,47.911,182.204,28.862,15.841,46.768,81.67
12/01/2021,55.595,173.449,18.847,6.304,35.595,73.283
13/01/2021,40.616,172.101,25.301,0,37.065,76.684
14/01/2021,43.51,148.947,34.119,18.643,39.296,75.963
15/01/2021,51.428,171.213,30.979,14.644,39.211,101.383
16/01/2021,82.624,252.825,45.807,20.109,76.174,150.015
17/01/2021,67.482,228.991,45.21,24.613,74.534,141.492
18/01/2021,48.095,167.119,33.17,10.266,48.166,72.532
19/01/2021,42.265,216.055,33.818,9.304,50.827,74.431
20/01/2021,44.546,197.824,33.627,19.321,51.058,90.131
21/01/2021,48.089,219.93,27.553,23.411,57.724,63.013
22/01/2021,48.728,218.136,32.636,12.333,54.45,88.796
23/01/2021,66.893,214.815,48.218,20.333,87.038,117.521
24/01/2021,88.664,350.342,56.086,23.807,99.115,127.934
25/01/2021,86.892,224.149,34.554,20.041,68.681,79.116
26/01/2021,59.222,215.643,36.857,16.078,57.954,101.362
27/01/2021,50.075,208.029,50.986,11.937,105.094,108.756
28/01/2021,58.18,160.384,47.788,17.792,70.075,80.927
29/01/2021,48.372,151.962,56.588,15.072,66.029,69.324
30/01/2021,39.938,236.777,63.124,23.084,91.796,94.904
31/01/2021,47.573,249.269,37.907,24.61,84.451,104.054
01/02/2021,50.34,181.621,25.144,13.664,71.64,69.564
02/02/2021,47.323,193.791,41.328,24.133,92.145,88.048
03/02/2021,36.091,223.102,84.615,14.938,79.053,91.564
04/02/2021,61.4,197.832,69.983,27.716,96.194,111.069
05/02/2021,56.39,194.292,58.169,25.906,124.448,95.222
06/02/2021,55.472,212.817,75.497,39.051,194.842,119.696
07/02/2021,101.527,193.778,53.682,43.635,159.904,147.812
08/02/2021,124.55,234.405,122.215,58.326,289.227,240.205
09/02/2021,211.431,282.558,139.056,87.912,423.696,326.993
10/02/2021,296.792,503.976,167.055,118.931,505.888,511.136
13/02/2021,50,243.485,22.759,28.967,104.485,74.519
14/02/2021,65.073,195.74,16.607,25.06,116.812,164.586
15/02/2021,68.394,300.13,41.123,39.655,168.272,212.364
16/02/2021,67.819,253.696,40.493,31.647,151.649,174.61
17/02/2021,53.632,180.052,33.589,30.358,133.646,144.793
18/02/2021,62.327,227.336,56.001,18.17,105.697,130.174
19/02/2021,73.044,184.169,47.197,13.769,116.07,92.327
20/02/2021,60.612,175.262,39.445,21.798,119.306,88.794
21/02/2021,38.554,144.855,35.248,33.803,80.423,79.403
22/02/2021,40.444,139.491,30.813,15.47,72.834,66.554
23/02/2021,44.084,136.05,24.456,25.429,85.425,77.586
24/02/2021,54.382,190.158,37.41,22.668,60.043,88.233
25/02/2021,74.027,156.613,39.885,34.618,100.118,110.557
26/02/2021,72.508,276.322,70.064,31.286,135.777,159.095
27/02/2021,45.651,218.04,74.704,22.579,122.322,116.814
28/02/2021,49.705,309.688,54.673,27.705,114.677,111.764
01/03/2021,29.048,241.709,28.579,27.232,97.068,79.404
02/03/2021,46.406,182.984,40.61,16.541,83.363,62.044
03/03/2021,20.757,186.008,22.01,23.654,80.749,71.027
04/03/2021,28.177,145.281,18.952,20.344,93.076,72.465
05/03/2021,35.138,211.185,41.955,22.986,101.498,82.585
06/03/2021,61.735,288.817,64.332,38.176,167.583,151.214
07/03/2021,36.889,264.314,84.586,26.748,122.568,125.428
08/03/2021,26.921,211.746,45.65,19.815,80.399,78.721
09/03/2021,42.608,170.907,34.073,20.838,66.895,143.511
10/03/2021,24.891,119.599,25.101,14.35,59.548,91.994
11/03/2021,31.801,158.357,30.749,16.37,57.357,75.477
12/03/2021,21.764,152.44,31.282,23.836,102.131,84.232
13/03/2021,47.086,169.055,43.017,26.434,104.089,101.865
14/03/2021,30.295,176.032,41.13,17.721,117.089,75.95
15/03/2021,22.597,90.812,28.603,13.658,85.656,40.423
16/03/2021,19.772,100.121,19.792,13.577,72.126,44.844
17/03/2021,19.493,107.653,29.326,19.313,83.755,44.029
18/03/2021,20.852,128.058,29.081,11.866,73.733,65.501
19/03/2021,39.292,140.893,42.902,16.235,67.509,69.141
20/03/2021,39.984,267.979,34.377,21.477,117.89,77.235
21/03/2021,41.705,199.712,51.413,17.949,112.176,94.838
22/03/2021,10.113,115.022,30.625,11.561,70.689,50.802
23/03/2021,13.349,134.706,28.634,19.312,66.931,48.174
24/03/2021,14.013,103.505,27.331,15.113,42.484,35.583
25/03/2021,15.827,86.632,25.174,14.621,50.798,46.89
26/03/2021,40.178,167.327,48.956,21.313,60.937,83.562
27/03/2021,43.191,199.727,51.805,26.111,78.794,69.658
28/03/2021,30.71,161.164,50.119,19.628,78.41,55.673
29/03/2021,15.5,111.308,60.434,16.139,62.154,47.327
30/03/2021,14.905,130.803,26.924,21.407,59.573,32.145
31/03/2021,19.503,143.294,28.74,21.649,59.255,45.089
01/04/2021,20.743,162.291,39.109,20.604,52.994,48.978
02/04/2021,37.764,179.383,69.53,20.665,70.727,72.574
03/04/2021,38.786,212.267,68.593,32.71,100.323,75.739
04/04/2021,33.95,192.021,71.456,22.976,88.244,61.709
05/04/2021,24.241,178.469,76.701,16.492,112.577,68.049
06/04/2021,3.622,55.611,13.13,3.138,35.075,11.671
07/04/2021,17.735,198.107,26.939,16.213,62.9,47.805
08/04/2021,9.582,136.899,22.294,20.319,52.596,35.491
09/04/2021,29.704,145.026,51.978,17.451,54.274,31.401
10/04/2021,22.753,204.156,50.186,25.525,84.84,60.287
11/04/2021,22.196,211.619,47.112,24.902,94.326,52.29
12/04/2021,4.178,148.371,32.027,10.203,38.756,43.328
13/04/2021,5.553,127.207,28.593,13.4,51.48,40.041
14/04/2021,19.197,151.83,30.12,18.975,47.052,41.387
15/04/2021,17.098,130.081,27.05,12.151,44.413,40.15
16/04/2021,19.018,130.808,40.232,15.371,62.197,47.162
17/04/2021,35.302,194.951,77.636,20.407,72.266,70.817
18/04/2021,22.237,194.451,48.315,28.972,118.063,56.607
19/04/2021,12.658,134.781,25.092,17.311,59.015,36.293
20/04/2021,12.167,150.715,30.338,16.234,64.062,37.651
21/04/2021,13.078,182.939,49.748,26.622,50.684,31.173
22/04/2021,11.64,150.806,34.615,15.227,47.905,40.04
23/04/2021,10.413,171.226,47.035,27.427,53.397,49.109
24/04/2021,17.178,264.803,107.309,37.796,102.501,78.6
25/04/2021,11.454,221.785,94.264,24.708,71.047,37.692
26/04/2021,11.871,151.258,43.118,12.618,60.716,37.392
27/04/2021,9.127,135.216,26.49,31.042,50.15,26.08
28/04/2021,7.359,125.785,29.405,27.487,47.189,33.609
29/04/2021,8.818,134.898,33.858,15.705,54.543,32.548
30/04/2021,14.856,138.585,38.125,26.786,52.865,34.271
01/05/2021,18.075,171.826,57.443,19.976,77.396,50.81
02/05/2021,17.439,198.544,36.466,22.784,80.42,47.435
03/05/2021,18.743,226.265,37.613,25.175,83.419,54.995
04/05/2021,8.799,200.985,37.838,18.032,43.846,42.643
05/05/2021,15.352,203.532,34.156,17.339,72.08,60.989
06/05/2021,5.992,151.84,21.199,22.682,73.006,30.192
07/05/2021,6.436,147.508,26.046,20.724,73.962,33.543
08/05/2021,11.457,160.786,28.122,22.625,69.529,33.331
09/05/2021,21.145,216.668,37.443,30.75,95.075,44.849
10/05/2021,8.06,157.721,30.866,24.956,60.825,26.427
11/05/2021,8.963,190.06,27.768,26.533,46.524,29.889
12/05/2021,6.081,182.519,19.252,19.247,42.616,31.02
13/05/2021,14.949,157.293,24.095,20.687,47.949,29.537
14/05/2021,11.412,191.116,40.997,32.193,51.909,29.278
15/05/2021,12.399,258.278,37.347,40.776,86.637,49.932
16/05/2021,6.386,212.588,52.382,19.009,153.409,51.103
17/05/2021,5.011,176.658,27.587,29.921,76.099,25.733
18/05/2021,12.309,173.271,31.098,23.783,84.864,29.45
19/05/2021,12.199,140.823,33.901,20.578,76.853,28.798
20/05/2021,9.406,148.851,17.189,22.177,61.568,35.447
21/05/2021,4.178,106.472,33.979,21.886,36.494,43.516
22/05/2021,9.18,190.363,34.962,25.845,98.936,45.209
23/05/2021,17.229,217.259,64.231,42.331,137.485,62.384
24/05/2021,4.28,148.831,40.924,17.043,54.772,29.627
25/05/2021,5.412,130.325,29.554,17.94,57.519,35.047
26/05/2021,4.008,166.467,46.547,15.81,65.416,31.969
27/05/2021,8.319,145.237,43.952,15.645,37.078,19.574
28/05/2021,6.205,123.824,42.189,16.472,67.01,28.172
29/05/2021,9.57,180.875,52.779,18.291,116.845,35.882
30/05/2021,4.719,196.236,21.296,27.038,106.615,33.492
31/05/2021,5.404,191.98,39.165,25.363,60.118,34.114
01/06/2021,7.217,151.091,41.593,26.938,76.648,33.668
02/06/2021,8.681,178.517,43.414,27.706,89.386,43.528
03/06/2021,11.019,142.372,36.284,11.679,75.206,48.365
04/06/2021,13.461,121.093,31.416,16.743,63.703,47.048
05/06/2021,19.495,204.287,61.486,36.367,91.95,42.32
06/06/2021,7.182,222.817,42.143,30.644,88.671,32.745
07/06/2021,8.757,148.539,24.819,29.868,68.965,27.872
08/06/2021,7.394,144.482,25.106,24.611,56.101,28.108
09/06/2021,7.943,126.359,26.845,19.353,52.093,31.399
10/06/2021,10.34,122.004,13.847,24.961,57.091,29.393
11/06/2021,6.744,129.982,21.048,16.567,74.873,25.579
12/06/2021,22.347,210.267,52.462,48.073,77.636,62.009
13/06/2021,11.431,211.28,62.324,40.009,88.876,74.602
14/06/2021,14.049,170.272,73.037,37.545,69.697,56.049
15/06/2021,9.998,127.719,45.326,20.698,61.187,31.346
16/06/2021,5.187,104.991,12.99,19.793,46.695,29.826
17/06/2021,9.409,113.507,48.477,28.237,45.845,22.835
18/06/2021,7.902,150.875,34.971,27.339,46.754,29.867
19/06/2021,10.313,203.369,44.511,30.488,87.633,39.484
20/06/2021,10.001,202.307,43.614,61.881,85.134,38.578
21/06/2021,9.9,150.07,54.07,18.566,58.693,24.224
22/06/2021,13.91,126.439,26.162,30.92,56.135,29.299
23/06/2021,10.931,123.214,57.723,24.859,53.901,32.793
24/06/2021,6.119,127.946,34.885,19.543,41.586,31.747
25/06/2021,10.916,146.582,40.437,12.896,35.531,32.537
26/06/2021,20.953,197.69,71.821,35.449,82.439,47.402
27/06/2021,19.982,213.547,56.542,31.776,79.121,49.14
28/06/2021,9.933,125.782,35.784,21.088,45.81,33.153
29/06/2021,9.52,110.196,34.383,19.721,40.321,26.399
30/06/2021,7.464,125.415,27.052,27.425,39.114,41.537
01/07/2021,8.512,148.597,33.72,26.278,54.567,32.65
02/07/2021,10.79,133.586,24.972,28.565,51.785,34.247
03/07/2021,29.657,197.925,48.497,47.285,73.552,66.849
04/07/2021,24.214,197.322,45.679,39.241,57.583,44.466
05/07/2021,14.947,176.276,66.355,49.588,53.877,40.491
06/07/2021,7.861,173.864,44.901,49.005,46.553,36.365
07/07/2021,8.404,149.514,40.488,31.752,38.244,26.099
08/07/2021,12.209,143.491,61.361,33.078,44.995,34.071
09/07/2021,4.507,114.966,28.476,22.81,34.612,26.496
10/07/2021,14.838,176.065,70.59,49.929,52.771,41.077
11/07/2021,14.099,212.957,75.634,40.365,39.195,38.382
12/07/2021,7.559,140.305,24.48,24.025,42.472,24.08
13/07/2021,7.123,149.772,47.258,28.125,24.629,18.59
14/07/2021,14.182,163.863,50.127,20.281,51.339,43.512
15/07/2021,5.78,141.75,27.632,17.221,48.957,29.008
16/07/2021,23.636,236.055,39.074,53.38,57.948,47.644
17/07/2021,27.115,223.655,79.353,29.918,60.204,46.115
18/07/2021,30.138,234.028,60.81,31.604,67.134,43.166
19/07/2021,15.754,174.827,34.935,19.986,40.146,40.629
20/07/2021,12.512,152.362,46.461,19.324,40.886,27.025
21/07/2021,18.057,152.653,52.983,22.554,58.081,36.182
22/07/2021,17.843,154.625,34.223,26.636,56.815,31.031
23/07/2021,13.844,150.636,38.509,19.1,45.06,28.61
24/07/2021,32.222,206.923,50.974,37.029,82.893,35.038
25/07/2021,24.134,248.502,60.229,29.736,72.385,36.532
26/07/2021,16.444,155.365,25.066,16.386,47.928,30.861
27/07/2021,33.891,189.082,53.678,20.927,54.649,29.008
28/07/2021,32.418,205.803,58.303,15.551,63.485,35.805
29/07/2021,17.107,193.613,31.376,59.522,33.377,26.28
30/07/2021,20.72,214.155,43.631,33.845,50.321,28.865
31/07/2021,23.282,255.972,47.859,24.536,57.015,44.567
01/08/2021,36.228,251.271,66.798,20.536,76.324,42.984
02/08/2021,22.943,283.115,24.162,35.577,79.129,57.648
03/08/2021,27.549,264.825,20.641,48.444,55.901,42.284
04/08/2021,22.617,313.269,14.278,33.147,89.04,50.028
05/08/2021,15.634,245.944,26.638,29.12,65.069,58.355
06/08/2021,22.376,189.756,28.948,20.331,51.048,51.397
07/08/2021,28.627,232.089,40.416,23.784,69.382,53.974
08/08/2021,24.273,265.775,50.406,32.192,54.567,57.351
09/08/2021,19.711,234.344,56.607,31.015,61.457,41.987
10/08/2021,24.532,193.189,11.233,22.361,66.971,39.23
11/08/2021,20.738,225.45,1.054,25.757,61.666,44.244
12/08/2021,28.536,275.876,12.87,37.175,83.793,52.714
13/08/2021,37.722,274.08,3.504,49.079,88.147,57.871
14/08/2021,27.112,281.13,16.528,35.09,96.491,74.363
15/08/2021,49.471,297.827,8.103,31.245,78.349,61.545
16/08/2021,50.533,190.573,6.045,24.663,52.116,41.091
17/08/2021,56.145,183.216,9.498,28.565,59.86,57.879
18/08/2021,54.55,185.59,8.645,25.035,54.41,38.636
19/08/2021,28.569,183.245,8.906,31.478,50.988,35.688
20/08/2021,27.29,195.116,47.274,25.752,47.075,42.358
21/08/2021,37.692,241.956,34.9,33.887,67.629,70.575
22/08/2021,51.313,281.156,1.546,21.861,94.447,60.822
23/08/2021,38.788,178.374,4.509,29.713,15.773,40.53
24/08/2021,31.616,168.012,9.207,22.695,53.891,43.365
25/08/2021,35.363,145.216,2.219,27.139,53.903,34.177
26/08/2021,63.126,255.505,5.452,34.842,61.124,49.747
27/08/2021,56.396,259.053,19.568,33.381,64.045,61.288
28/08/2021,49.574,244.915,35.502,34.078,75.85,61.493
29/08/2021,55.375,229.082,56.181,39.917,81.325,65.999
30/08/2021,40.953,178.587,48.287,41.208,65.327,47.989
31/08/2021,31.335,165.821,42.879,39.432,66.341,42.531
01/09/2021,47.449,177.642,8.003,27.264,44.769,61.883
02/09/2021,45.638,161.364,27.869,24.511,44.128,40.494
03/09/2021,54.834,149.219,24.967,20.685,42.436,46.246
04/09/2021,66.409,221.353,32.878,26.823,90.712,78.639
05/09/2021,58.946,238.552,51.129,30.823,63.285,74.857
06/09/2021,33.471,191.936,34.751,20.716,42.718,37.744
07/09/2021,34.142,163.316,23.172,19.175,45.236,44.438
08/09/2021,38.571,161.268,15.183,16.32,36.083,42.227
09/09/2021,39.028,120.989,14.255,12.804,39.957,41.997
10/09/2021,43.851,133.882,24.651,13.491,36.978,35.582
11/09/2021,67.532,257.43,18.06,26.026,53.88,62.394
12/09/2021,57.208,275.532,32.063,34.906,52.389,57.278
13/09/2021,29.937,152.695,11.356,26.428,46.014,31.415
14/09/2021,41.431,163.291,10.777,24.411,34.598,35.185
15/09/2021,32.841,150.327,12.702,20.887,33.653,35.282
16/09/2021,35.965,97.458,9.283,28.808,33.706,38.913
17/09/2021,31.276,128.348,13.163,22.689,30.378,33.651
18/09/2021,34.827,134.812,35.325,25.935,45.049,41.645
19/09/2021,93.77,217.32,51.647,46.835,75.511,113.493
20/09/2021,94.882,224.8,70.426,40.869,88.648,92.289
21/09/2021,94.155,239.77,56.3,32.473,100.446,81.116
22/09/2021,30.22,138.42,39.227,31.009,50.963,36.948
23/09/2021,19.216,107.29,27.567,22.845,45.501,33.475
24/09/2021,32.314,104.729,8.431,15.31,40.147,40.365
25/09/2021,43.444,186.971,48.621,36.043,77.276,38.452
26/09/2021,48.868,150.342,2.299,28.75,46.272,27.192
27/09/2021,42.395,96.875,4.863,11.333,32.674,12.762
28/09/2021,33.697,104.01,12.669,19.696,34.777,21.671
29/09/2021,39.563,113.135,23.336,14.816,50.474,15.119
30/09/2021,38.451,106.123,34.511,18.757,37.589,22.234
01/10/2021,69.809,205.461,57.402,36.474,81.648,45.217
02/10/2021,61.246,171.744,40.743,31.974,67.466,38.088
03/10/2021,52.697,176.123,41.993,27.065,37.899,43.27
04/10/2021,40.08,172.9,40.928,20.632,70.165,38.497
05/10/2021,53.813,183.026,51.957,36.423,74.013,33.416
06/10/2021,50.852,265.796,42.165,24.095,79.233,55.723
07/10/2021,51.57,183.783,23.278,20.343,62.908,45.794
08/10/2021,49.695,138.652,19.823,23.041,65.805,50.073
09/10/2021,41.198,133.096,22.222,16.792,61.377,33.34
10/10/2021,58.704,263.384,41.877,24.273,111.306,78.234
11/10/2021,45.351,88.447,4.407,14.56,64.755,26.96
12/10/2021,29.953,100.028,18.627,12.799,57.257,38.769
13/10/2021,36.526,89.902,16.528,11.277,44.341,39.51
14/10/2021,38.264,77.809,14.852,10.191,38.431,28.438
15/10/2021,65.659,146.297,23.991,10.811,54.933,84.89
16/10/2021,54.821,273.582,36.28,14.772,93.373,73.514
17/10/2021,56.02,163.589,26.795,13.639,64.308,65.816
18/10/2021,44.513,84.784,20.606,10.502,40.29,30.066
19/10/2021,42.738,78.684,16.958,8.766,40.052,32.2
20/10/2021,41.248,109.339,25.154,8.978,43.48,41.873
21/10/2021,46.91,79.858,11.947,11.262,29.336,38.753
22/10/2021,45.315,75.936,16.412,5.062,30.078,40.039
23/10/2021,61.274,100.678,18.086,9.346,51.363,87.828
24/10/2021,47.917,101.014,9.108,11.389,41.481,55.632
25/10/2021,33.696,48.556,8.749,7.279,27.46,46.731
26/10/2021,37.216,66.948,12.041,8.68,35.664,48.637
27/10/2021,36.161,94.727,15.305,6.836,32.692,35.369
28/10/2021,37.949,80.941,6.449,3.122,25.502,31.659
29/10/2021,40.045,89.73,13.574,11.124,25.203,47.926
30/10/2021,59.756,140.981,17.279,12.133,26.181,79.731
31/10/2021,55.961,92.342,28.424,8.639,35.237,75.305
01/11/2021,44.316,60.969,26.24,10.293,23.439,40.999
02/11/2021,39.893,68.055,25.844,13.551,25.556,49.667
03/11/2021,39.941,50.572,27.868,5.176,25.359,82.957
04/11/2021,42.366,64.051,23.879,12.227,24.241,61.122
05/11/2021,58.696,83.867,37.479,6.524,37.123,104.608
06/11/2021,63.927,108.548,28.063,9.658,35.493,128.993
07/11/2021,64.622,145.887,35.638,14.185,46.669,155.029
08/11/2021,58.811,66.376,28.296,10.662,24.775,58.558
09/11/2021,43.617,44.867,27.933,3.419,23.626,52.288
10/11/2021,49.851,49.063,27.656,3.044,28.642,48.096
11/11/2021,35.903,48.787,13.156,3.602,22.692,47.256
12/11/2021,50.696,51.422,18.935,10.337,25.182,55.136
13/11/2021,55.708,70.452,20.049,10.383,28.792,57.321
14/11/2021,53.547,99.456,30.582,14.612,39.412,71.072
15/11/2021,28.879,42.62,12.677,7.194,29.577,36.29
16/11/2021,19.63,53.515,12.525,2.834,27.575,36.118
17/11/2021,34.26,45.689,15.791,7.203,23.355,44.036
18/11/2021,21.426,41.864,6.018,3.246,16.566,35.182
19/11/2021,28.706,38.008,8.768,6.776,19.49,35.174
20/11/2021,55.584,95.757,14.406,9.051,34.164,73.711
21/11/2021,47.591,80.775,19.739,17.99,30.26,102.367
22/11/2021,32.75,42.247,9.756,9.175,22.036,24.416
23/11/2021,31.403,55.622,9.495,5.163,18.004,24.705
24/11/2021,33.315,39.991,12.559,9.217,21.68,22.259
25/11/2021,30.299,44.906,10.217,5.166,20.413,17.266
26/11/2021,41.234,51.836,17.511,6.06,14.855,23.644
27/11/2021,58.68,68.057,23.115,11.622,37.591,44.646
28/11/2021,49.546,78.347,21.817,9.694,25.149,56.96
29/11/2021,29.92,57.865,9.182,5.796,19.812,20.934
30/11/2021,30.369,43.009,25.737,7.103,32.472,30.467
01/12/2021,30.015,74.607,18.93,5.252,24.119,24.864
02/12/2021,25.404,58.359,18.263,4.474,22.703,20.085
03/12/2021,18.925,73.847,20.739,5.683,25.931,54.498
04/12/2021,62.259,93.905,22.865,9.205,36.36,92.695
05/12/2021,50.994,115.184,25.795,10.65,37.123,100.244
06/12/2021,12.844,64.231,14.424,8.862,37.461,45.511
07/12/2021,31.831,63.263,16.639,6.648,29.638,36.621
08/12/2021,25.319,70.377,15.059,7.96,24.71,48.246
09/12/2021,25.262,57.675,12.175,7.254,24.153,42.728
10/12/2021,32.792,68.296,14.231,8.928,26.56,55.263
11/12/2021,124.24,141.287,30.45,10.714,43.575,121.635
12/12/2021,61.198,116.349,15.656,10.426,43.444,80.302
13/12/2021,21.832,61.915,27.925,1.537,33.333,92.884
14/12/2021,33.175,66.116,13.141,5.472,30.287,103.516
15/12/2021,2.602,101.666,18.179,6.299,29.243,64.376
16/12/2021,39.569,99.125,25.768,4.506,33.832,51.856
17/12/2021,40.154,97.582,34.299,10.173,34.228,69.729
18/12/2021,70.551,109.389,42.242,11.996,59.298,114.017
19/12/2021,67.19,147.891,51.133,9.451,52.98,118.836
20/12/2021,38.283,82.832,25.78,6.115,50.948,60.872
21/12/2021,48.369,71.006,18.202,6.431,31.633,54.261
22/12/2021,31.469,75.729,14.458,4.455,22.57,50.263
23/12/2021,30.021,91.213,24.073,6.563,33.503,47.43
24/12/2021,35.441,120.944,30.135,8.624,52.243,63.472
25/12/2021,66.839,180.787,33.162,13.596,65.339,137.522
26/12/2021,95.584,209.712,28.498,9.123,64.634,92.322
27/12/2021,42.155,82.705,15.213,5.35,37.586,39.642
28/12/2021,35.054,86.043,24.145,5.317,42.784,39.004
29/12/2021,34.882,68.165,24.749,3.027,35.3,28.395
30/12/2021,37.37,84.271,17.651,11.272,35.101,31.745
31/12/2021,60.713,125.701,69.793,12.997,66.714,88.954
01/01/2022,82.658,138.402,38.272,18.428,57.833,90.656
02/01/2022,27.438,110.543,26.605,13.349,45.828,59.918
03/01/2022,59.009,90.081,38.027,12.782,81.754,59.045
04/01/2022,46.598,70.388,45.257,8.174,58.207,63.48
05/01/2022,34.15,65.654,39.688,9.827,66.638,40.437
06/01/2022,34.198,60.316,35.897,7.001,66.856,44.278
07/01/2022,46.045,90.664,31.834,16.284,49.32,78.764
08/01/2022,60.006,130.766,43.284,14.224,80.046,112.412
09/01/2022,59.741,147.528,114.262,11.879,81.556,84.804
10/01/2022,56.153,76.365,35.175,8.582,57.481,46.232
11/01/2022,29.824,86.15,54.466,10.573,81.87,33.489
12/01/2022,41.626,85.232,35.007,10.637,74.888,46.619
13/01/2022,22.185,73.369,21.816,12.889,63.209,48.916
14/01/2022,48.285,103.099,23.405,6.196,78.342,53.083
15/01/2022,56.825,124.109,37.538,9.146,96.244,49.827
16/01/2022,52.794,137.15,58.007,14.67,88.336,55.987
17/01/2022,42.312,90.383,11.755,10.665,47.324,29.229
18/01/2022,32.418,85.852,9.211,8.478,56.238,38.752
19/01/2022,50.389,129.677,16.223,4.206,55.99,72.068
20/01/2022,55.56,134.88,32.318,22.912,68.17,78.146
21/01/2022,58.294,146.062,32.031,23.798,81.348,77.103
22/01/2022,64.682,210.297,64.541,22.592,103.68,97.639
23/01/2022,68.285,186.693,74.249,25.009,124.431,89.483
24/01/2022,38.076,187.463,22.147,25.579,117.056,68.443
25/01/2022,70.849,153.198,48.877,26.834,85.379,83.043
26/01/2022,64.858,172.651,32.217,31.875,93.362,87.094
27/01/2022,95.025,170.614,58.027,21.963,157.221,66.621
28/01/2022,197.934,188.131,85.253,54.803,222.648,144.04
29/01/2022,200.905,208.256,90.907,86.261,356.647,195.987
30/01/2022,234.678,229.022,102.128,88.028,403.185,153.261
01/02/2022,38.25,63.003,13.968,18.86,52.92,46.534
02/02/2022,37.868,88.412,38.729,29.266,89.27,104.522
03/02/2022,7.01,116.536,26.229,51.215,125.952,46.152
04/02/2022,55.923,216.497,48.036,49.812,168.229,62.232
05/02/2022,2.203,208.189,45.665,43.637,79.349,94.217
06/02/2022,66.88,219.985,52.784,38.299,127.903,90.519
07/02/2022,41.735,160.054,43.144,25.718,105.783,89.43
08/02/2022,29.778,162.297,44.616,28.361,83.106,48.124
09/02/2022,30.194,138.288,25.255,17.827,81.859,54.398
10/02/2022,29.54,116.133,23.057,18.122,95.39,45.478
11/02/2022,38.286,132.508,24.982,16.356,80.496,44.35
12/02/2022,58.417,154.467,35.481,19.233,63.244,44.628
13/02/2022,38.757,165.85,37.882,18.593,53.381,62.028
14/02/2022,24.829,150.014,35.754,22.165,56.165,43.618
15/02/2022,50.087,154.453,30.547,13.33,65.561,54.996
16/02/2022,25.24,99.015,21.875,8.002,50.306,19.235
17/02/2022,38.54,112.077,20.645,16.258,66.319,28.335
18/02/2022,34.695,98.783,24.401,13.181,77.479,44.249
19/02/2022,38.763,120.64,49.665,19.604,84.409,49.453
20/02/2022,35.58,105.918,36.386,19.499,80.204,29.076
21/02/2022,26.034,85.387,28.045,12.819,54.127,11.197
22/02/2022,25.201,78.356,21.47,14.993,83.428,14.499
23/02/2022,17.076,65.21,28.796,10.987,46.044,16.979
24/02/2022,19.778,75.146,34.624,11.295,60.707,27.097
25/02/2022,43.644,96.432,25.668,15.162,66.539,33.498
26/02/2022,40.831,118.507,29.244,22.413,96.277,44.56
27/02/2022,33.609,94.607,34.072,17.194,90.842,30.748
28/02/2022,29.583,77.285,22.582,14.358,66.122,11.887
01/03/2022,5.051,75.286,22.944,13.075,60.582,18.112
02/03/2022,23.171,70.109,18.905,8.61,69.755,17.916
03/03/2022,27.705,62.041,21.88,14.025,54.075,15.525
04/03/2022,21.276,78.622,20.119,9.297,72.59,28.908
05/03/2022,44.23,125.495,29.269,14.836,103.358,33.725
06/03/2022,47.119,141.174,31.384,19.161,81.904,39.323
07/03/2022,24.482,76.686,0.632,11.448,52.889,12.626
08/03/2022,6.754,82.174,14.951,9.594,71.127,14.096
09/03/2022,17.2,66.059,15.084,8.401,62.036,21.91
10/03/2022,16.626,73.508,16.971,10.189,57.407,14.375
11/03/2022,29.63,88.822,19.221,15.262,53.281,11.525
12/03/2022,37.329,129.766,27.529,24.795,95.029,23.441
13/03/2022,28.204,101.51,30.393,19.47,77.903,25.827
14/03/2022,15.345,98.279,9.127,12.678,96.701,13.799
15/03/2022,15.026,102.329,7.721,12.816,80.283,17.42
16/03/2022,16.886,105.619,11.877,12.564,72.957,17.088
17/03/2022,30.851,108.394,12.813,15.834,84.519,22.721
18/03/2022,28.674,112.098,14.473,16.346,94.461,29.952
19/03/2022,45.815,201.276,24.298,26.011,130.315,49.829
20/03/2022,43.592,173.788,16.749,21.443,105.566,43
21/03/2022,25.391,192.734,13.613,25.338,72.925,28.074
22/03/2022,27.306,133.244,16.239,21.947,87.671,31.656
23/03/2022,15.255,89.497,7.625,17.569,82.278,28.279
24/03/2022,16.899,106.202,7.711,16.036,48.68,18.106
25/03/2022,43.221,132.493,14.528,17.128,74.387,43.386
26/03/2022,43.227,152.529,16.707,23.286,94.554,43.183
27/03/2022,41.214,140.651,11.68,26.977,89.283,24.078
28/03/2022,19.777,85.85,2.089,15.998,64.16,21.238
29/03/2022,18.541,75.286,0,13.184,65.004,26.983
30/03/2022,27.389,86.195,30.3,17.223,69.721,22.45
31/03/2022,30.993,92.587,25.097,10.145,54.92,26.203
01/04/2022,25.437,130.262,26.303,16.697,80.48,19.915
02/04/2022,34.452,133.168,26.163,18.016,71.349,30.03
03/04/2022,42.998,111.538,16.438,23.887,96.131,46.766
04/04/2022,31.759,148.726,22.224,23.387,107.732,40.745
05/04/2022,21.71,146.419,21.248,15.356,38.664,31.476
06/04/2022,5.855,109.945,17.497,11.695,38.127,20.492
07/04/2022,6.533,85.201,10.494,14.479,28.799,14.881
08/04/2022,6.366,87.65,10.629,12.371,36.973,18.886
09/04/2022,11.218,141.102,15.591,27.258,133.106,35.619
10/04/2022,18.379,185.591,7.757,24.485,113.881,30.946
11/04/2022,1.03,93.428,6.383,10.687,69.305,11.87
12/04/2022,7.538,106.268,6.375,20.041,76.22,16.859
13/04/2022,4.61,100.363,9.797,20.903,76.95,31.963
14/04/2022,6.495,128.586,6.047,21.356,59.011,21.589
15/04/2022,14.18,131.828,10.73,17.358,69.72,39.136
16/04/2022,15.042,124.808,12.666,32.118,84.376,28.104
17/04/2022,9.701,107.549,20.254,32.008,85.746,40.244
18/04/2022,3.024,112.679,12.087,23.28,62.95,28.667
19/04/2022,5.106,101.391,7.869,16.985,53.306,23.736
20/04/2022,2.772,105.275,11.413,18.031,51.324,33.394
21/04/2022,3.552,112.794,8.548,11.668,59.831,27.479
22/04/2022,7.417,114.043,18.726,20.471,69.833,26.309
23/04/2022,9.767,118.653,19.648,25.194,86.55,27.473
24/04/2022,4.52,99.189,15.603,13.679,63.739,32.921
25/04/2022,4.202,116.365,16.833,20.592,95.828,28.121
26/04/2022,4.905,91.764,9.969,14.113,61.328,13.139
27/04/2022,2.398,88.807,9.138,24.953,64.366,27.102
28/04/2022,2.139,111.594,11.202,21.918,80.389,16.357
29/04/2022,7.15,106.052,21.479,29.707,96.804,24.064
30/04/2022,9.22,142.039,28.319,35.229,81.21,34.151
01/05/2022,10.863,147.275,23.295,36.606,65.841,33.083
02/05/2022,8.503,115.468,13.734,47.127,57.464,42.191
03/05/2022,2.868,88.193,27.601,42.378,67.711,18.375
04/05/2022,6.398,105.769,26.182,44.495,51.194,27.071
05/05/2022,1.193,90.652,18.79,26.05,32.252,16.992
06/05/2022,3.42,95.683,20.488,32.15,56.612,19.454
07/05/2022,4.66,113.896,23.375,34.564,86.212,34.837
08/05/2022,4.476,116.519,42.607,33.433,86.554,35.067
09/05/2022,3.538,91.68,29.087,34.866,55.773,34.581
10/05/2022,5.181,95.42,22.638,13.224,59.294,9.417
11/05/2022,2.043,86.213,19.261,15.419,42.635,20.87
12/05/2022,5.134,79.619,24.59,22.173,37.193,21.925
13/05/2022,2.792,102.98,21.993,45.528,58.386,26.1
14/05/2022,11.341,159.404,48.521,51.014,79.242,26.77
15/05/2022,6.072,157.108,43.781,43.627,63.751,34.51
16/05/2022,4.637,82.78,23.633,19.412,41.681,18.527
17/05/2022,1.853,67.12,15.163,23.194,41.52,12.789
18/05/2022,0.926,92.724,20.24,21.794,40.714,20.598
19/05/2022,3.425,92.356,17.603,21.799,31.666,13.195
20/05/2022,3.575,90.647,13.908,22.675,37.853,14.719
21/05/2022,4.691,154.655,26.494,43.426,45.847,43.484
22/05/2022,4.885,164.686,23.847,29.841,40.928,23.398
23/05/2022,4.437,92.654,15.361,26,35.072,4.637
24/05/2022,3.361,122.403,27.64,29.285,32.072,14.041
25/05/2022,4.619,84.787,19.562,22.563,31.823,18.698
26/05/2022,4.438,88.361,25.011,29.903,39.188,21.185
27/05/2022,8.858,86.554,18.568,27.341,31.927,19.308
28/05/2022,8.906,188.829,35.114,54.447,55.568,46.827
29/05/2022,7.44,178.516,42.403,55.666,62.521,33.517
30/05/2022,6.684,92.512,24.336,25.618,31.081,16.585
31/05/2022,6.611,87.827,15.854,18.11,38.356,39.474
01/06/2022,5.084,90.488,22.234,21.105,43.718,35.603
02/06/2022,11.33,112.624,20.605,34.716,47.188,36.405
03/06/2022,14.235,185.595,29.489,59.95,69.903,61.149
04/06/2022,5.135,113.331,13.898,39.752,38.876,27.698
05/06/2022,10.109,102.505,21.97,42.328,41.001,41.369
06/06/2022,5.253,104.547,23.309,37.312,40.803,26.543
07/06/2022,6.312,105.767,20.909,23.212,38.975,28.139
08/06/2022,6.725,113.862,17.046,27.37,40.959,28.048
09/06/2022,5.241,281.247,21.532,35.271,41.651,27.768
10/06/2022,9.447,115.093,13.058,38.776,37.531,27.152
11/06/2022,9.209,195.647,34.691,48.32,61.054,36.533
12/06/2022,10.588,166.515,29.698,49.505,67.529,49.293
13/06/2022,3.944,116.051,23.638,33.306,29.923,35.014
14/06/2022,14.604,110.671,23.587,29.762,29.213,16.266
15/06/2022,5.184,106.544,18.931,33.776,39.656,26.243
16/06/2022,5.347,109.346,18.079,35.463,50.132,32.228
17/06/2022,6.77,119.073,27.301,36.326,47.1,36.568
18/06/2022,18.484,192.524,29.834,48.073,80.225,50.206
19/06/2022,15.541,187.623,31.956,40.858,79.311,49.153
20/06/2022,8.896,123.54,26.02,27.416,46.065,35.656
21/06/2022,6.063,110.973,22.014,27.152,32.467,29.804
22/06/2022,13.806,108.759,23.449,22.451,35.161,28.097
23/06/2022,5.402,84.617,14.583,17.152,29.211,29.488
24/06/2022,25.878,104.325,17.64,22.836,33.789,29.265
25/06/2022,40.332,156.216,22.426,28.57,39.414,48.569
26/06/2022,31.364,163.919,36.32,33.783,43.418,54.309
27/06/2022,12.659,105.207,21.772,21.427,28.077,26.887
28/06/2022,19.501,133.899,23.307,13.137,28.268,39.702
29/06/2022,16.118,156.09,40.424,26.758,21.954,39.934
30/06/2022,10.625,127.274,47.528,21.969,29.259,38.627
01/07/2022,15.086,149.719,28.897,17.165,25.326,50.953
02/07/2022,28.667,195.295,55.851,27.475,55.999,45.704
03/07/2022,63.873,189.083,48.366,42.368,58.67,42.18
04/07/2022,20.219,116.605,27.955,17.802,47.642,36.688
05/07/2022,34.508,133.21,42.64,17.524,49.728,50.367
06/07/2022,39.018,164.461,31.186,9.038,51.119,32.226
07/07/2022,43.066,134.044,50.962,14.602,39.874,29.189
08/07/2022,32.713,129.05,48.356,7.971,42.7,49.425
09/07/2022,44.591,173.971,44.535,26.107,73.124,55.629
10/07/2022,35.703,186.916,67.457,21.797,85.669,80.418
11/07/2022,43.103,133.768,24.264,30.141,57.659,55.108
12/07/2022,29.78,129.271,64.579,19.218,49.014,27.869
13/07/2022,31.995,150.034,46.435,12.755,57.841,63.603
14/07/2022,12.376,131.965,34.033,14.374,52.446,44.709
15/07/2022,43.241,118.425,30.18,11.364,60.497,66.136
16/07/2022,107.272,175.925,59.714,18.431,73.235,89.471
17/07/2022,131.3,190.249,53.705,21.934,63.421,73.671
18/07/2022,57.442,132.053,43.19,11.582,50.507,52.193
19/07/2022,90.19,134.777,33.363,20.509,49.966,44.352
20/07/2022,89.355,161.158,43.777,17.192,88.656,37.088
21/07/2022,75.92,140.656,38.147,18.296,130.268,43.486
22/07/2022,44.43,119.449,33.655,16.449,91.719,60.678
23/07/2022,67.395,163.238,45.47,20.601,128.405,101.743
24/07/2022,112.091,187.595,45.96,10.549,55.957,67.64
25/07/2022,90.633,128.305,79.565,17.972,66.762,66.315
26/07/2022,68.863,161.702,74.221,18.262,98.29,59.465
27/07/2022,71.087,131.633,67.503,14.402,108.891,58.869
28/07/2022,70.756,170.771,60.76,22.58,116.81,69.521
29/07/2022,66.925,331.236,64.225,15.616,120.741,52.634
30/07/2022,71.293,344.157,61.873,13.837,141.664,86.456
31/07/2022,131.591,320.998,49.207,19.875,142.906,98.219
01/08/2022,91.813,304.399,82.282,29.243,154.113,36.451
02/08/2022,28.385,270.798,80.493,14.101,122.284,57.276
03/08/2022,95.589,337.105,68.436,15.585,159.987,76.332
04/08/2022,64.171,354.404,65.154,17.149,152.644,81.526
05/08/2022,43.931,329.423,72.799,13.432,169.692,66.543
06/08/2022,106.723,355.128,96.079,15.462,183.489,91.924
07/08/2022,89.746,319.042,86.982,26.316,211.184,105.113
08/08/2022,86.531,302.077,76.689,18.528,138.495,87.266
09/08/2022,54.281,322.432,75.303,17.542,161.631,77.1
10/08/2022,89.973,291.018,70.986,17.255,168.921,39.034
11/08/2022,70.377,313.919,73.029,13.387,159.507,68.939
12/08/2022,79.938,326.821,74.91,15.139,166.473,60.39
13/08/2022,139.761,479.995,102.596,28.498,223.384,72.19
14/08/2022,97.044,394.715,120.907,32.987,188.234,87.77
15/08/2022,102.925,347.367,85.398,24.222,120.999,67.468
16/08/2022,69.881,368.861,81.22,18.14,183.738,71.408
17/08/2022,104.095,358.863,87.672,20.658,146.131,66.376
18/08/2022,81.503,424.262,121.725,26.979,223.117,84.219
19/08/2022,144.451,401.426,186.155,89.616,334.781,91.655
20/08/2022,95.698,429.043,123.124,18.641,209.291,70.643
21/08/2022,87.971,432.675,82.198,19.233,219.055,72.191
22/08/2022,66.488,303.2,45.204,14.33,104.653,47.201
23/08/2022,86.205,259.56,43.039,13.572,111.097,48.094
24/08/2022,57.232,233.767,46.96,14.23,73.184,59.056
25/08/2022,51.219,243.786,63.776,12.514,110.13,42.528
26/08/2022,48.72,250.941,48.086,11.488,129.03,73.827
27/08/2022,104.458,357.705,57.998,19.554,154.266,68.656
28/08/2022,102.839,252.244,88.504,25.88,251.609,71.953
29/08/2022,59.775,297.05,45.738,13.378,116.076,74.182
30/08/2022,93.293,236.727,66.738,7.934,114.188,33.987
31/08/2022,28.994,242.409,35.261,3.304,61.621,30.29
01/09/2022,56.77,311.034,47.503,11.464,100.922,58.419
02/09/2022,53.186,328.216,42.416,4.884,103.825,61.119
03/09/2022,88.589,419.813,53.626,15.738,176.628,77.887
04/09/2022,124.55,491.166,62.544,18.362,185.402,87.775
05/09/2022,60.192,285.889,53.158,10.812,117.607,47.452
06/09/2022,54.584,250.203,39.139,11.684,93.769,40.62
07/09/2022,59.667,260.624,40.007,12.388,69.663,44.356
08/09/2022,46.658,222.246,42.893,7.918,91.686,62.072
09/09/2022,111.848,311.923,67.57,4.65,180.34,106.775
10/09/2022,155.467,419.263,72.293,0.491,146.777,114.942
11/09/2022,97.363,351.176,63.234,6.927,83.984,92.533
12/09/2022,38.383,315.002,71.588,0,145.6,98.587
13/09/2022,25.627,216.669,47.126,0,104.849,68.334
14/09/2022,27.935,185.157,41.841,0,70.053,53.107
15/09/2022,29.546,201.569,27.431,0,66.529,56.663
16/09/2022,26.977,193.806,41.283,0,107.825,74.425
17/09/2022,50.024,359.256,69.613,0,168.436,90.05
18/09/2022,58.668,377.496,57.716,0,177.806,80.373
19/09/2022,9.274,212.507,38.815,0,45.683,30.316
20/09/2022,14.946,262.543,42.297,0,67.862,47.235
21/09/2022,18.429,213.475,32.068,0,86.458,46.791
22/09/2022,20.182,226.528,50.388,0,73.801,50.943
23/09/2022,30.662,243.19,65.003,0,87.3,87.179
24/09/2022,49.291,345.852,75.743,0,193.743,101.607
25/09/2022,14.038,320.644,55.324,0,132.468,118.404
26/09/2022,34.863,196.445,30.76,0,59.178,58.142
27/09/2022,35.665,158.187,29.389,0,63.594,37.499
28/09/2022,62.641,142.124,32.625,0,77.96,53.384
29/09/2022,43.663,175.757,31.877,0,84.368,44.333
30/09/2022,70.235,200.098,53.33,0,107.477,53.895
01/10/2022,102.731,318.485,76.799,0,169.374,122.01
02/10/2022,81.611,253.861,61.869,0,178.918,91.23
03/10/2022,93.09,253.67,59.161,0,117.323,82.006
04/10/2022,104.984,328.918,49.869,0,115.099,117.054
05/10/2022,118.421,373.666,40.769,0,162.721,87.935
06/10/2022,132.357,353.217,71.588,0,208.677,184.89
07/10/2022,110.302,470.332,87.818,0,170.183,154.165
08/10/2022,81.908,360.779,37.814,0,114.629,108.094
09/10/2022,66.479,342.075,53.058,0,110.966,121.547
10/10/2022,46.834,288.07,47.046,0,134.737,103.327
11/10/2022,51.596,244.759,29.66,0,119.426,89.443
12/10/2022,39.206,240.312,29.309,0,123.317,82.773
13/10/2022,61.838,152.506,30.605,0,84.845,70.046
14/10/2022,13.046,135.637,11.595,0,49.262,65.579
15/10/2022,101.798,377.256,60.965,12.033,204.274,223.125
16/10/2022,86.333,367.681,62.74,2.55,178.909,209.72
17/10/2022,38.615,247.302,35.261,5.762,111.662,104.537
18/10/2022,41.022,273.91,56.159,7.187,155.233,156.31
19/10/2022,38.515,225.807,33.063,13.004,96.132,105.856
20/10/2022,52.368,242.853,30.363,4.701,105.947,88.041
21/10/2022,98.057,613.973,95.213,38.486,399.685,289.383
22/10/2022,77.747,299.448,56.496,7.952,155.908,157.648
23/10/2022,61.265,242.892,38.944,14.581,138.434,152.181
24/10/2022,37.236,199.326,30.369,3.223,73.345,85.05
25/10/2022,36.981,217.397,36.506,4.156,125.16,89.459
26/10/2022,35.475,226.633,38.152,4.56,117.386,104.795
27/10/2022,35.991,209,31.661,2.299,114.668,116.582
28/10/2022,63.12,229.524,40.855,11.885,136.101,164.567
29/10/2022,98.462,368.131,64.488,11.396,167.485,248.053
30/10/2022,67.588,221.196,76.791,10.805,203.145,197.429
31/10/2022,32.213,85.398,47.777,3.319,83.714,61.844
01/11/2022,29.485,96.786,39.603,3.305,101.963,96.659
03/11/2022,13.926,83.973,63.801,4.012,129.249,120.855
05/11/2022,74.216,190.421,73.537,9.816,158.362,176.843
06/11/2022,60.306,162.064,75.888,4.647,135.245,165.482
07/11/2022,22.799,102.677,47.225,3.256,108.169,86
08/11/2022,31.054,96.371,41.117,3.86,77.122,82.087
09/11/2022,21.313,128.56,35.22,2.871,75.307,68.901
10/11/2022,17.046,122.883,39.756,6.897,88.303,74.627
11/11/2022,40.363,173.21,45.043,7.801,130.229,163.552
12/11/2022,73.358,293.677,56.455,10.572,204.119,257.066
13/11/2022,54.616,312.032,50.639,7.366,188.274,206.762
14/11/2022,27.893,180.626,38.303,5.605,104.647,99.074
15/11/2022,31.82,165.843,38.944,7.266,93.884,102.92
16/11/2022,17.224,205.406,18.714,2.568,105.807,92.695
17/11/2022,40.679,232.975,38.752,8.038,104.356,90.18
18/11/2022,59.901,376.605,68.424,17.923,212.654,153.087
19/11/2022,183.307,1265.473,122.879,35.948,436.061,440.93
20/11/2022,67.057,146.034,97.969,0.252,198.915,156.828
21/11/2022,264.657,821.168,132.212,55.692,352.422,343.02
22/11/2022,30.541,173.192,36.972,4.816,82.219,36.489
23/11/2022,50.24,247.572,31.84,8.243,98.441,68.562
24/11/2022,29.738,260.618,31.131,8.455,105.612,43.262
25/11/2022,62.003,228.796,46.435,16.927,103.304,32.969
26/11/2022,37.043,352.511,47.408,9.864,89.276,57.284
27/11/2022,3.165,40.471,3.192,4.146,17.031,8.596
28/11/2022,1.809,40.862,10.708,1.04,13.451,3.012
29/11/2022,9.194,31.298,7.624,1.778,6.066,8.283
04/12/2022,18.158,99.399,24.722,1.168,53.404,30
05/12/2022,41.811,170.093,30.282,0,118.657,114
06/12/2022,67.863,226.171,38.551,7.977,97.963,98.62
07/12/2022,64.331,272.787,25.636,11.597,82.55,124.352
08/12/2022,47.48,173.924,46.357,4.524,131.273,82.678
09/12/2022,30.039,140.88,41.33,4.422,99.447,71.484
10/12/2022,73.28,231.009,55.053,6.572,161.982,149.336
11/12/2022,63.385,204.481,62.536,3.629,171.695,144.333
12/12/2022,30.168,173.035,27.823,3.379,96.205,85.722
13/12/2022,50.434,185.802,37.876,5.316,103.872,91.195
14/12/2022,29.923,226.115,40.701,6.973,96.198,102.181
15/12/2022,60.996,291.759,44.891,8.607,151.972,94.034
16/12/2022,59.198,306.951,28.131,6.839,147.869,146.341
17/12/2022,97.791,265.09,43.945,16.786,153.757,142.647
18/12/2022,65.117,295.364,68.962,12.025,123.469,131.36
19/12/2022,67.122,201.178,47.456,11.56,98.288,86.269
20/12/2022,53.792,252.224,45.501,6.731,88.82,103.847
21/12/2022,61.727,285.265,76.358,17.74,137.998,128.851
22/12/2022,45.018,223.75,33.671,8.883,93.949,99.983
23/12/2022,54.487,210.784,29.486,8.921,91.649,92.544
24/12/2022,61.874,285.085,47.279,11.582,117.564,139.067
25/12/2022,105.129,362.94,51.941,5.742,166.418,160.777
26/12/2022,56.004,253.075,27.857,12.022,114.691,115.933
27/12/2022,72.514,253.518,39.591,6.541,121.716,102.06
28/12/2022,60.286,257.429,36.052,8.167,99.953,119.913
29/12/2022,66.287,237.735,25.895,3.656,129.853,123.439
30/12/2022,62.525,244.088,29.769,6.173,118.877,131.883
31/12/2022,103.271,329.509,39.573,5.574,198.248,178.021
01/01/2023,92.503,329.635,39.38,7.926,174.426,159.047
02/01/2023,54.334,287.812,36.172,17.834,154.451,132.934
03/01/2023,50.818,215.984,30.654,3.617,128.134,86.599
04/01/2023,48.908,171.91,27.843,3.929,123.447,88.495
05/01/2023,32.701,186.069,25.709,5.835,108.643,101.317
06/01/2023,60.705,202.912,27.047,6.648,106.774,115.083
07/01/2023,53.524,187.324,24.606,11.499,112.31,108.037
08/01/2023,56.788,219.372,34.433,15.154,124.983,115.9
09/01/2023,39.959,185.585,31.341,11.607,90.474,100.363
10/01/2023,45.848,200.196,15.292,9.913,119.602,101.017
11/01/2023,44.885,185.254,31.199,9.782,126.451,88.976
12/01/2023,43.65,202.709,27.908,9.159,113.15,87.742
13/01/2023,31.759,215.635,29.708,15.213,137.769,123.264
14/01/2023,112.724,447.993,55.134,31.542,197.217,204.679
15/01/2023,92.61,278.968,61.584,21.246,154.044,179.046
16/01/2023,61.379,216.173,46.516,21.066,121.081,144.546
17/01/2023,86.319,180.232,39.869,22.71,117.137,166.406
18/01/2023,84.28,281.893,58.399,41.459,218.267,212.899
19/01/2023,157.124,371.074,104.101,61.759,350.275,385.359
20/01/2023,252.074,594.071,138.786,75.97,604.231,455.941
22/01/2023,39.08,219.378,34.134,17.629,91.232,91.901
23/01/2023,46.756,291.352,66.018,31.043,124.14,146.538
24/01/2023,84.834,205.447,89.421,31.05,181.951,48.517
25/01/2023,97.229,245.072,114.337,38.246,140.698,165.671
26/01/2023,72.927,272.125,60.15,32.835,226.705,204.906
27/01/2023,88.434,283.135,69.283,31.75,284.492,215.811
28/01/2023,63.873,235.443,43.626,30.24,246.343,163.237
29/01/2023,48.473,229.694,40.249,15.298,194.121,122.262
30/01/2023,52.383,217.18,42.686,15.248,153.832,113.826
31/01/2023,40.683,202.836,37.502,13.52,157.934,104.426
01/02/2023,33.281,156.42,33.307,12.689,136.909,92.321
02/02/2023,32.252,204.688,41.747,15.701,142.663,125.853
03/02/2023,54.97,189.282,53.285,14.786,187.654,125.441
04/02/2023,85.605,252.725,39.93,20.698,232.871,126.55
05/02/2023,83.513,281.351,39.59,15.281,140.199,112.777
06/02/2023,11.684,179.662,34.646,12.377,91.363,79.476
07/02/2023,25.653,154.543,33.83,12.441,99.937,63.807
08/02/2023,40.347,161.297,35.924,8.429,93.975,75.372
09/02/2023,42.757,203.645,30.833,13.362,138.13,88.67
10/02/2023,49.257,175.847,31.996,12.794,125.468,103.7
11/02/2023,77.149,243.908,53.417,16.919,164.9,143.531
12/02/2023,74.087,309.307,48.809,28.032,158.806,109.179
13/02/2023,30.456,226.189,33.601,14.143,107.056,103.147
14/02/2023,39.561,160.285,37.56,14.301,108.672,75.069
15/02/2023,41.209,184.475,31.355,6.735,105.647,72.525
16/02/2023,32.783,155.351,34.159,7.394,105.95,74.701
17/02/2023,28.471,160.609,38.594,8.283,136.319,104.876
18/02/2023,65.745,285.815,48.488,21.074,181.095,134.317
19/02/2023,48.268,230.404,45.805,17.567,162.066,105.097
20/02/2023,24.15,139.164,29.447,7.391,61.627,65.776
21/02/2023,24.144,150.154,29.466,12.593,101.221,55.615
22/02/2023,31.124,138.874,29.54,9.991,82.293,74.474
23/02/2023,22.517,154.467,33.284,11.31,104.048,77.906
24/02/2023,35.391,134.956,31.17,11.328,134.183,83.785
25/02/2023,41.824,219.47,44.994,10.979,170.605,115.867
26/02/2023,34.64,243.01,47.396,14.041,149.738,92.628
27/02/2023,13.331,136.926,13.221,8.846,88.884,65.006
28/02/2023,21.011,115.968,27.118,7.007,96.706,61.482
01/03/2023,15.748,139.125,23.98,9.504,105.906,73.717
02/03/2023,21.735,131.001,28.182,7.568,114.103,62.87
03/03/2023,29.054,152.142,34.915,13.904,128.818,90.386
04/03/2023,34.038,163.918,33.769,12.627,142.301,105.25
05/03/2023,31.386,178.491,47.699,16.193,132.344,85.307
06/03/2023,18.411,107.018,23.166,10.569,96.609,54.979
07/03/2023,19.542,125.449,31.21,8.469,100.437,71.957
08/03/2023,17.906,119.807,22.18,11.717,105.092,65.41
09/03/2023,22.284,121.336,22.245,7.751,105.856,44.888
10/03/2023,21.612,131.927,12.423,14.024,150.26,71.433
11/03/2023,38.49,222.762,15.802,20.211,179.657,116.774
12/03/2023,33.314,195.971,19.536,18.27,157.361,109.272
13/03/2023,18.418,135.094,10.596,12.188,93.967,55.527
14/03/2023,9.612,140.076,9.076,11.759,104.067,46.835
15/03/2023,17.683,171.809,9.683,8.037,105.561,81.886
16/03/2023,25.921,190.911,31.584,11.892,102.213,89.875
17/03/2023,46.065,238.58,48.607,16.576,158.456,136.726
18/03/2023,53.936,292.075,59.217,29.936,189.58,147.687
19/03/2023,41.768,251.51,49.399,26.328,173.558,126.374
20/03/2023,22.99,197.663,37.566,10.569,119.843,74.725
21/03/2023,12.402,194.386,36.716,10.702,116.7,80.883
22/03/2023,17.709,170.723,27.368,12.133,125.241,89.191
23/03/2023,25.455,179.648,29.488,10.903,108.067,70.785
24/03/2023,22.479,202.72,33.301,18.402,153.262,105.586
25/03/2023,40.776,253.903,28.459,22.364,187.221,113.197
26/03/2023,30.047,264.043,48.675,20.143,179.458,120.223
27/03/2023,15.436,150.898,20.459,12.216,105.211,74.574
28/03/2023,14.816,145.975,18.519,15.485,92.394,79.756
29/03/2023,23.049,130.475,26.46,8.567,101.237,86.112
30/03/2023,13.154,179.795,26.709,14.654,86.212,63.7
31/03/2023,22.161,208.892,34.604,21.134,138.204,104.745
01/04/2023,26.836,208.377,35.079,23.388,154.887,101.324
02/04/2023,27.876,185.985,39.362,20.488,165.351,109.447
03/04/2023,29.721,170.821,16.457,19.201,114.41,93.459
04/04/2023,14.977,170.641,20.022,20.162,121.552,90.507
05/04/2023,24.199,217.271,45.417,22.225,139.304,115.412
06/04/2023,9.889,136.403,23.05,12.387,109.473,73.004
07/04/2023,16.629,131.267,31.899,9.746,97.645,88.025
08/04/2023,20.73,183.926,35.691,19.815,137.92,128.855
09/04/2023,31.303,197.616,30.536,15.846,136.063,83.908
10/04/2023,17.868,123.411,18.365,12.818,73.788,51.773
11/04/2023,7.577,158.881,15.788,13.366,85.563,62.405
12/04/2023,19.088,118.761,17.265,8.998,84.989,63.48
13/04/2023,15.052,92.251,19.775,9.198,76.901,51.532
14/04/2023,26.338,131.729,18.183,19.025,89.822,83.023
15/04/2023,28.541,208.169,20.852,16.674,138.985,106.142
16/04/2023,16.458,204.874,23.472,20.902,133.274,85.949
17/04/2023,7.066,106.884,14.475,9.19,68.456,39.145
18/04/2023,15.097,182.607,16.779,16.152,78.486,66.338
19/04/2023,12.216,156.553,19.103,13.945,76.651,58.407
20/04/2023,12.171,122.087,19.807,10.307,70.384,55.919
21/04/2023,28.934,215.684,26.17,30.95,125.533,89.492
22/04/2023,27.103,330.85,40.026,39.651,185.589,158.568
23/04/2023,10.291,279.352,22.853,21.876,154.222,81.715
24/04/2023,13.28,189.222,17.856,25.565,74.395,60.294
25/04/2023,9.993,163.704,15.89,19.3,70.192,68.882
26/04/2023,4.702,148.39,21.236,18.526,47.263,45.674
27/04/2023,11.675,142.945,14.24,18.48,66.698,62.808
28/04/2023,14.48,164.327,22.806,22.141,84.338,81.778
29/04/2023,24.693,169.132,27.577,37.234,161.482,127.524
30/04/2023,16.983,132.248,25.487,43.783,117.501,97.254
01/05/2023,22.754,179.89,29.389,31.862,138.857,83.717
02/05/2023,20.191,199.057,22.365,35.967,103.643,66.312
03/05/2023,11.586,252.366,32.371,22.717,95.795,72.027
04/05/2023,9.037,121.428,32.652,25.655,76.542,55.952
05/05/2023,13.454,115.371,28.675,22.324,66.977,63.126
06/05/2023,17.781,163.827,34.087,23.097,94.505,99.697
07/05/2023,18.818,238.132,54.158,39.966,134.833,115.423
08/05/2023,9.628,142.341,17.863,21.757,85.984,58.128
09/05/2023,7.406,145.033,25.81,17.224,81.721,49.033
10/05/2023,10.336,159.328,26.422,28.106,99.29,78.595
11/05/2023,9.518,158.484,23.274,13.908,76.077,42.217
12/05/2023,16.347,142.706,21.507,24.496,88.881,67.921
13/05/2023,20.655,179.071,45.087,33.208,135.703,95.606
14/05/2023,15.86,199.509,43.642,32.974,110.866,97.677
15/05/2023,7.475,171.35,27.764,21.584,78.687,61.585
16/05/2023,9.603,194.936,26.009,14.181,80.294,57.535
17/05/2023,12.893,150.478,19.914,14.296,67.717,54.7
18/05/2023,8.812,112.688,22.684,11.595,53.892,49.756
19/05/2023,9.66,141.327,20.153,15.232,71.713,60.947
20/05/2023,11.094,177.822,27.242,33.825,92.262,82.754
21/05/2023,13.615,197.446,29.13,38.276,117.485,94.76
22/05/2023,8.411,154.18,14.808,25.981,90.848,70.154
23/05/2023,14.637,150.721,20.181,23.022,69.361,49.994
24/05/2023,9.414,135.51,15.923,15.749,62.956,47.818
25/05/2023,13.962,114.768,14.565,21.865,76.118,50.69
26/05/2023,20.081,154.12,24.236,18.213,90.26,53.736
27/05/2023,24.97,273.537,41.279,24.313,127.658,91.754
28/05/2023,22.807,262.277,36.971,38.881,131.518,109.635
29/05/2023,12.75,146.434,16.312,28.536,61.995,53.849
30/05/2023,8.852,156.287,14.652,23.886,59.897,46.299
31/05/2023,7.86,136.132,16.723,17.471,61.96,46.711
01/06/2023,9.741,136.982,19.364,18.475,67.854,44.867
02/06/2023,11.988,161.142,16.172,22.501,72.847,68.385
03/06/2023,29.041,222.081,33.243,39.399,123.664,94.541
04/06/2023,21.047,215.285,25.117,34.741,123.698,95.926
05/06/2023,12.58,145.142,22.57,19.989,74.896,49.192
06/06/2023,14.408,152.439,21.351,19.081,84.745,56.608
07/06/2023,14.142,135.735,11.835,17.873,66.121,44.446
08/06/2023,9.254,119.287,15.446,24.509,77.363,49.993
09/06/2023,15.816,140.024,13.684,21.798,74.296,55.465
10/06/2023,19.118,240.235,26.766,38.116,146.968,98.844
11/06/2023,21.247,213.908,25.472,43.303,119.69,79.626
12/06/2023,10.351,127.399,17.143,23.087,67.12,36.154
13/06/2023,12.054,140.865,10.189,17.659,84.891,54.24
14/06/2023,7.284,115.605,9.175,28.361,82.127,43.778
15/06/2023,16.733,118.42,9.804,15.908,63.624,34.886
16/06/2023,15.49,172.11,22.692,24.133,86.159,58.503
17/06/2023,22.626,244.334,26.791,46.628,169.193,93.35
18/06/2023,23.373,253.447,23.098,54.553,149.877,72.039
19/06/2023,11.51,128.701,12.363,21.207,77.049,43.293
20/06/2023,11.657,126.228,13.919,21.592,66.666,39.223
21/06/2023,27.178,126.263,16.697,24.123,91.365,63.364
22/06/2023,38.77,171.919,17.912,33.866,114.288,77.476
23/06/2023,18.677,178.718,9.279,25.398,88.349,55.417
24/06/2023,16.054,161.495,11.548,28.369,94.187,54.18
25/06/2023,16.5,108.895,10.681,23.315,69.658,35.271
26/06/2023,10.384,80.524,8.083,21.224,72.185,39.582
27/06/2023,16.454,127.278,14.272,8.415,67.12,38.708
28/06/2023,14.946,130.182,16.069,15.651,68.534,53.742
29/06/2023,22.945,135.09,24.367,11.511,89.113,48.314
30/06/2023,19.419,130.464,28.087,24.53,82.286,39.572
